"Segmento","Recência_Média","Frequência_Média","Gasto_médio"
"Básico",296.411927451583,36.3129418997848,443.853963418383
"Intermediário",154.049180327869,123.517883755589,1698.25920566319
"Premium",94.2674772036474,232.697568389058,3740.80995896657
